Feature Type,Feature Number,Morph Level,Key,Response Time,participant
app,1,55,right,1.494434833526611,sub1
app,1,88,right,0.3030838966369629,sub1
app,1,22,left,0.4465813636779785,sub1
app,1,99,right,0.2237303256988525,sub1
app,1,77,right,0.2345383167266845,sub1
app,1,66,right,0.556781530380249,sub1
app,1,66,right,0.2328667640686035,sub1
app,1,0,left,0.2354264259338379,sub1
app,1,99,right,0.244985818862915,sub1
app,1,11,left,0.0777981281280517,sub1
app,1,88,right,0.2466552257537841,sub1
app,1,99,right,0.2726972103118896,sub1
app,1,66,right,0.249652624130249,sub1
app,1,33,left,6.026733875274658,sub1
app,1,44,right,0.8976383209228516,sub1
app,1,33,left,0.3535237312316894,sub1
app,1,77,right,0.4226489067077636,sub1
app,1,55,right,0.561438798904419,sub1
app,1,66,right,0.271550178527832,sub1
app,1,44,right,1.829998254776001,sub1
app,1,44,right,0.2580389976501465,sub1
app,1,77,right,0.1881816387176513,sub1
app,1,66,right,0.1683647632598877,sub1
app,1,66,right,0.2347517013549804,sub1
app,1,33,left,1.3181166648864746,sub1
app,1,11,left,0.2440626621246338,sub1
app,1,22,left,0.2458765506744384,sub1
app,1,0,left,0.2315850257873535,sub1
app,1,77,right,0.234138011932373,sub1
app,1,33,left,0.8846497535705566,sub1
app,1,33,right,0.4053380489349365,sub1
app,1,88,right,0.2699990272521972,sub1
app,1,0,left,0.2563421726226806,sub1
app,1,22,left,0.2252275943756103,sub1
app,1,44,right,0.8122029304504395,sub1
app,1,88,right,0.2797231674194336,sub1
app,1,66,right,0.2236528396606445,sub1
app,1,88,right,0.4176266193389892,sub1
app,1,33,left,2.3870718479156494,sub1
app,1,88,right,0.2182579040527343,sub1
app,1,33,right,0.7396636009216309,sub1
app,1,55,right,0.264986515045166,sub1
app,1,88,right,0.2185165882110595,sub1
app,1,0,left,0.2454791069030761,sub1
app,1,0,left,0.1991868019104004,sub1
app,1,55,right,0.6187994480133057,sub1
app,1,33,left,0.3006622791290283,sub1
app,1,55,right,0.4509251117706299,sub1
app,1,22,left,0.156982421875,sub1
app,1,44,right,0.2984662055969238,sub1
app,1,22,left,0.4733071327209472,sub1
app,1,99,right,0.2191042900085449,sub1
app,1,55,right,0.2619216442108154,sub1
app,1,77,right,0.2467293739318847,sub1
app,1,11,left,0.2321507930755615,sub1
app,1,0,left,0.2661254405975342,sub1
app,1,0,left,0.2520596981048584,sub1
app,1,77,right,0.2048549652099609,sub1
app,1,77,right,0.272411584854126,sub1
app,1,55,right,0.2243039608001709,sub1
app,1,99,right,0.2583630084991455,sub1
app,1,11,left,0.3235135078430176,sub1
app,1,33,left,1.38519287109375,sub1
app,1,77,right,0.3424000740051269,sub1
app,1,99,right,0.2046267986297607,sub1
app,1,99,right,0.2874541282653808,sub1
app,1,55,right,0.2788856029510498,sub1
app,1,22,left,0.5424256324768066,sub1
app,1,11,left,0.2210841178894043,sub1
app,1,88,right,0.4947428703308105,sub1
app,1,66,right,0.4641280174255371,sub1
app,1,88,right,0.2811737060546875,sub1
app,1,88,right,0.3529980182647705,sub1
app,1,11,left,0.2553579807281494,sub1
app,1,99,right,0.2634460926055908,sub1
app,1,22,left,0.9133687019348145,sub1
app,1,44,right,1.896833419799805,sub1
app,1,22,left,0.3141202926635742,sub1
app,1,33,left,0.808610200881958,sub1
app,1,44,right,0.4043850898742676,sub1
app,1,11,left,0.2958405017852783,sub1
app,1,44,right,0.3673510551452636,sub1
app,1,77,right,0.2119014263153076,sub1
app,1,22,left,0.3589999675750732,sub1
app,1,22,left,0.2770199775695801,sub1
app,1,77,right,1.0042033195495603,sub1
app,1,11,left,0.3672666549682617,sub1
app,1,55,right,0.3875277042388916,sub1
app,1,0,left,0.2964925765991211,sub1
app,1,66,right,0.456040620803833,sub1
app,1,44,right,0.2736225128173828,sub1
app,1,66,right,0.2494816780090332,sub1
app,1,99,right,0.2178547382354736,sub1
app,1,11,left,0.2693915367126465,sub1
app,1,55,right,0.4624156951904297,sub1
app,1,0,left,0.215019941329956,sub1
app,1,99,right,0.266944408416748,sub1
app,1,44,right,0.3621511459350586,sub1
app,1,0,left,0.3121609687805176,sub1
app,1,11,left,0.2798957824707031,sub1
app,11,99,right,0.0685958862304687,sub1
app,11,55,right,0.8617343902587891,sub1
app,11,11,left,0.2712926864624023,sub1
app,11,33,left,0.8230531215667725,sub1
app,11,77,right,0.2738294601440429,sub1
app,11,33,right,0.9542510509490968,sub1
app,11,22,left,0.2251710891723632,sub1
app,11,99,right,0.2503340244293213,sub1
app,11,66,right,0.2187802791595459,sub1
app,11,99,right,0.254368782043457,sub1
app,11,44,right,0.6312716007232666,sub1
app,11,0,left,0.2567532062530517,sub1
app,11,88,right,0.2592442035675049,sub1
app,11,22,left,0.3165874481201172,sub1
app,11,44,right,0.5953857898712158,sub1
app,11,33,right,1.9842467308044436,sub1
app,11,99,right,0.2691123485565185,sub1
app,11,88,right,0.2531845569610595,sub1
app,11,44,right,0.3006789684295654,sub1
app,11,11,left,0.2448151111602783,sub1
app,11,66,right,0.2546784877777099,sub1
app,11,44,left,0.2882289886474609,sub1
app,11,11,left,0.2718417644500732,sub1
app,11,44,left,0.2958128452301025,sub1
app,11,55,right,0.4082024097442627,sub1
app,11,77,right,0.235377550125122,sub1
app,11,55,right,0.1980760097503662,sub1
app,11,66,right,0.2573757171630859,sub1
app,11,99,right,0.3215968608856201,sub1
app,11,11,left,0.2884767055511474,sub1
app,11,55,right,1.4568278789520264,sub1
app,11,22,left,0.2819867134094238,sub1
app,11,66,right,0.40248703956604,sub1
app,11,55,right,0.3812990188598633,sub1
app,11,88,right,0.3229210376739502,sub1
app,11,66,right,0.3131942749023437,sub1
app,11,88,right,0.2794094085693359,sub1
app,11,22,left,0.2658114433288574,sub1
app,11,55,left,0.5153226852416992,sub1
app,11,66,right,1.0184547901153564,sub1
app,11,66,right,0.3250753879547119,sub1
app,11,0,left,0.252021312713623,sub1
app,11,33,left,0.2369415760040283,sub1
app,11,77,right,0.2618589401245117,sub1
app,11,99,right,0.2400610446929931,sub1
app,11,11,left,0.2582457065582275,sub1
app,11,77,right,0.2357182502746582,sub1
app,11,0,left,0.2453978061676025,sub1
app,11,88,right,0.2550561428070068,sub1
app,11,88,right,0.3036513328552246,sub1
app,11,11,left,0.2461373805999755,sub1
app,11,44,left,0.3928298950195312,sub1
app,11,99,right,0.2591831684112549,sub1
app,11,44,left,0.3010833263397217,sub1
app,11,0,left,0.0756282806396484,sub1
app,11,44,left,0.3727700710296631,sub1
app,11,66,right,1.0250189304351809,sub1
app,11,22,left,0.2757437229156494,sub1
app,11,99,right,0.5329420566558838,sub1
app,11,88,right,0.2594943046569824,sub1
app,11,0,left,0.2440440654754638,sub1
app,11,22,left,0.3335733413696289,sub1
app,11,44,left,0.2680754661560058,sub1
app,11,77,right,0.2500243186950683,sub1
app,11,77,right,0.2618756294250488,sub1
app,11,88,right,0.2545480728149414,sub1
app,11,22,left,0.272078275680542,sub1
app,11,77,right,0.2873423099517822,sub1
app,11,77,right,0.2877769470214844,sub1
app,11,11,left,0.2560815811157226,sub1
app,11,33,left,0.2657258510589599,sub1
app,11,33,left,0.2824618816375732,sub1
app,11,22,left,0.2748322486877441,sub1
app,11,33,left,0.2674293518066406,sub1
app,11,88,right,0.2285325527191162,sub1
app,11,99,right,0.2388162612915039,sub1
app,11,55,right,0.4231626987457275,sub1
app,11,66,right,0.2726576328277588,sub1
app,11,22,left,0.2749004364013672,sub1
app,11,0,left,0.2829988002777099,sub1
app,11,66,right,0.2588555812835693,sub1
app,11,88,right,0.3080897331237793,sub1
app,11,0,left,0.251612901687622,sub1
app,11,55,right,0.2926032543182373,sub1
app,11,33,left,0.3166649341583252,sub1
app,11,22,left,0.2268855571746826,sub1
app,11,77,right,0.2939519882202148,sub1
app,11,11,left,0.276674747467041,sub1
app,11,33,left,0.3737063407897949,sub1
app,11,55,right,0.4735903739929199,sub1
app,11,99,right,0.4268150329589844,sub1
app,11,33,left,0.2377772331237793,sub1
app,11,77,right,0.2804522514343261,sub1
app,11,0,left,0.2729959487915039,sub1
app,11,55,right,0.8098406791687012,sub1
app,11,44,right,0.3724675178527832,sub1
app,11,0,left,0.3213984966278076,sub1
app,11,11,left,0.2964427471160888,sub1
app,11,0,left,0.2726607322692871,sub1
app,11,11,left,0.3531985282897949,sub1
sha,1,11,left,0.6717193126678467,sub1
sha,1,44,left,2.105146646499634,sub1
sha,1,66,right,0.8496134281158447,sub1
sha,1,22,left,0.3134765625,sub1
sha,1,22,left,0.3458547592163086,sub1
sha,1,66,right,0.3112778663635254,sub1
sha,1,33,left,0.4768717288970947,sub1
sha,1,22,left,0.3664374351501465,sub1
sha,1,88,right,0.2981634140014648,sub1
sha,1,44,right,1.2111914157867432,sub1
sha,1,11,left,0.5507111549377441,sub1
sha,1,77,right,0.2830855846405029,sub1
sha,1,33,left,0.3408010005950928,sub1
sha,1,11,left,0.2972652912139892,sub1
sha,1,22,left,0.2738754749298095,sub1
sha,1,11,left,0.2668888568878174,sub1
sha,1,0,left,0.2597873210906982,sub1
sha,1,33,left,0.3245830535888672,sub1
sha,1,33,left,0.4262409210205078,sub1
sha,1,88,right,0.3657615184783935,sub1
sha,1,44,right,0.4902718067169189,sub1
sha,1,55,right,0.4343738555908203,sub1
sha,1,44,right,0.5889356136322021,sub1
sha,1,55,right,1.1453936100006104,sub1
sha,1,88,right,0.3435721397399902,sub1
sha,1,55,right,0.358051061630249,sub1
sha,1,22,left,0.4910812377929687,sub1
sha,1,55,left,0.899285078048706,sub1
sha,1,99,right,0.4587833881378174,sub1
sha,1,22,left,0.6752729415893555,sub1
sha,1,99,right,0.2925233840942383,sub1
sha,1,66,right,0.6277763843536377,sub1
sha,1,88,right,0.3833394050598144,sub1
sha,1,22,left,0.2500147819519043,sub1
sha,1,99,right,0.2671937942504883,sub1
sha,1,55,left,3.171055316925049,sub1
sha,1,99,right,0.3073151111602783,sub1
sha,1,88,right,0.2263762950897216,sub1
sha,1,55,right,0.3473157882690429,sub1
sha,1,55,right,0.5786311626434326,sub1
sha,1,66,right,0.4396469593048095,sub1
sha,1,11,left,0.2897205352783203,sub1
sha,1,0,left,0.2086768150329589,sub1
sha,1,33,left,0.284076452255249,sub1
sha,1,22,left,0.2614533901214599,sub1
sha,1,22,left,0.2788980007171631,sub1
sha,1,44,left,0.3828787803649902,sub1
sha,1,77,right,0.521759033203125,sub1
sha,1,99,right,0.338099718093872,sub1
sha,1,99,right,0.3814756870269775,sub1
sha,1,0,left,0.2748160362243652,sub1
sha,1,88,right,0.3393988609313965,sub1
sha,1,0,left,0.6902360916137695,sub1
sha,1,88,right,0.314084529876709,sub1
sha,1,0,left,0.2889838218688965,sub1
sha,1,0,left,0.3207371234893799,sub1
sha,1,77,right,0.3031396865844726,sub1
sha,1,44,left,2.6857264041900635,sub1
sha,1,66,right,0.5112030506134033,sub1
sha,1,44,left,0.3112185001373291,sub1
sha,1,88,right,0.2618145942687988,sub1
sha,1,33,left,0.2880446910858154,sub1
sha,1,77,right,0.2882032394409179,sub1
sha,1,11,left,0.2222309112548828,sub1
sha,1,77,right,0.3289539813995361,sub1
sha,1,77,right,0.2707936763763428,sub1
sha,1,44,left,0.3921079635620117,sub1
sha,1,0,left,0.2756969928741455,sub1
sha,1,11,left,0.2927479743957519,sub1
sha,1,88,right,0.276111364364624,sub1
sha,1,33,left,0.2929408550262451,sub1
sha,1,77,right,0.2441048622131347,sub1
sha,1,22,left,0.2548079490661621,sub1
sha,1,88,right,0.2474617958068847,sub1
sha,1,55,left,0.3447144031524658,sub1
sha,1,99,right,0.1913473606109619,sub1
sha,1,77,right,0.3944985866546631,sub1
sha,1,11,left,0.2552344799041748,sub1
sha,1,44,left,0.2712769508361816,sub1
sha,1,55,left,0.4336295127868652,sub1
sha,1,66,left,0.4026618003845215,sub1
sha,1,33,left,0.2862708568572998,sub1
sha,1,0,left,0.2533001899719238,sub1
sha,1,66,right,0.3267903327941894,sub1
sha,1,66,right,0.3330235481262207,sub1
sha,1,99,right,0.5621170997619629,sub1
sha,1,77,right,0.3046214580535888,sub1
sha,1,11,left,0.3018417358398437,sub1
sha,1,0,left,0.6142375469207764,sub1
sha,1,55,right,1.7520530223846436,sub1
sha,1,33,left,0.2789802551269531,sub1
sha,1,33,left,0.3354315757751465,sub1
sha,1,44,left,0.3418588638305664,sub1
sha,1,77,right,0.3631680011749267,sub1
sha,1,99,right,0.327805757522583,sub1
sha,1,99,right,0.4048035144805908,sub1
sha,1,66,right,0.4094977378845215,sub1
sha,1,66,right,0.4209048748016357,sub1
sha,1,0,left,0.351865291595459,sub1
sha,1,11,left,0.2931947708129883,sub1
sha,11,44,left,1.2443232536315918,sub1
sha,11,66,right,0.3266279697418213,sub1
sha,11,99,right,0.2618722915649414,sub1
sha,11,99,right,0.2379267215728759,sub1
sha,11,0,left,0.2553281784057617,sub1
sha,11,66,right,0.5529811382293701,sub1
sha,11,77,right,0.3171005249023437,sub1
sha,11,33,left,1.0273942947387695,sub1
sha,11,22,left,0.3337740898132324,sub1
sha,11,77,right,0.2768943309783935,sub1
sha,11,77,right,0.7729387283325195,sub1
sha,11,11,left,0.2653713226318359,sub1
sha,11,11,left,0.2496271133422851,sub1
sha,11,55,left,1.0919528007507324,sub1
sha,11,44,right,0.4684393405914306,sub1
sha,11,88,right,0.4366440773010254,sub1
sha,11,0,left,0.2232930660247802,sub1
sha,11,88,right,0.3299453258514404,sub1
sha,11,44,left,1.3749983310699463,sub1
sha,11,44,left,0.364565372467041,sub1
sha,11,66,right,0.3293704986572265,sub1
sha,11,11,left,0.2558379173278808,sub1
sha,11,22,left,0.3280415534973144,sub1
sha,11,66,right,0.3988046646118164,sub1
sha,11,33,left,1.45025634765625,sub1
sha,11,88,right,0.2453455924987793,sub1
sha,11,55,right,0.2553372383117676,sub1
sha,11,99,right,0.2876341342926025,sub1
sha,11,11,left,0.2643845081329345,sub1
sha,11,0,left,0.2654459476470947,sub1
sha,11,88,right,0.2349677085876464,sub1
sha,11,55,right,1.2286272048950195,sub1
sha,11,33,left,1.1114072799682615,sub1
sha,11,66,right,0.4378502368927002,sub1
sha,11,55,right,0.8720097541809082,sub1
sha,11,66,right,0.4094057083129883,sub1
sha,11,55,right,0.3956646919250488,sub1
sha,11,77,right,0.4081857204437256,sub1
sha,11,88,right,0.3319020271301269,sub1
sha,11,0,left,0.2581956386566162,sub1
sha,11,22,left,0.2668325901031494,sub1
sha,11,0,left,0.2757971286773681,sub1
sha,11,99,right,0.2927777767181396,sub1
sha,11,33,left,0.308396577835083,sub1
sha,11,44,left,0.5552935600280762,sub1
sha,11,55,left,0.6390485763549805,sub1
sha,11,0,left,0.2497360706329345,sub1
sha,11,77,right,0.3878419399261474,sub1
sha,11,33,left,0.3345403671264648,sub1
sha,11,66,left,0.8130910396575928,sub1
sha,11,44,left,0.4001140594482422,sub1
sha,11,33,left,0.4194529056549072,sub1
sha,11,55,left,0.3575809001922607,sub1
sha,11,88,right,0.2424304485321045,sub1
sha,11,88,right,0.2609965801239013,sub1
sha,11,22,left,0.2856547832489013,sub1
sha,11,11,left,0.2842752933502197,sub1
sha,11,22,left,0.2912776470184326,sub1
sha,11,11,left,0.2931275367736816,sub1
sha,11,22,left,0.2597849369049072,sub1
sha,11,99,right,0.2763369083404541,sub1
sha,11,77,right,0.293032169342041,sub1
sha,11,0,left,0.2439420223236084,sub1
sha,11,55,left,1.3827717304229736,sub1
sha,11,77,right,0.4744892120361328,sub1
sha,11,55,right,0.2844467163085937,sub1
sha,11,33,left,0.2265384197235107,sub1
sha,11,11,left,0.3094067573547363,sub1
sha,11,77,right,0.3492372035980224,sub1
sha,11,22,left,0.2504544258117676,sub1
sha,11,66,left,0.2829780578613281,sub1
sha,11,88,right,0.3709940910339355,sub1
sha,11,11,left,0.2239725589752197,sub1
sha,11,77,right,0.2573850154876709,sub1
sha,11,33,left,0.2907700538635254,sub1
sha,11,88,right,0.2817833423614502,sub1
sha,11,33,left,0.3232412338256836,sub1
sha,11,0,left,0.2161047458648681,sub1
sha,11,99,right,0.2260560989379882,sub1
sha,11,88,right,0.2048633098602295,sub1
sha,11,33,left,0.7362453937530518,sub1
sha,11,11,left,0.2704164981842041,sub1
sha,11,99,right,0.2864673137664795,sub1
sha,11,0,left,0.2456569671630859,sub1
sha,11,44,left,1.207486629486084,sub1
sha,11,99,right,1.122175693511963,sub1
sha,11,0,left,0.288982629776001,sub1
sha,11,99,right,0.2898528575897217,sub1
sha,11,44,right,0.4974403381347656,sub1
sha,11,99,right,0.0898458957672119,sub1
sha,11,66,left,0.353039026260376,sub1
sha,11,11,left,0.2628755569458008,sub1
sha,11,44,left,0.2959129810333252,sub1
sha,11,55,left,0.4703750610351562,sub1
sha,11,44,left,0.3592281341552734,sub1
sha,11,22,left,0.3314344882965088,sub1
sha,11,22,left,0.2830390930175781,sub1
sha,11,22,left,0.3142681121826172,sub1
sha,11,77,right,0.2732844352722168,sub1
sha,11,66,right,0.2808477878570556,sub1
app,1,11,left,1.2088472843170166,sub2
app,1,66,right,0.24349045753479,sub2
app,1,88,right,0.5027768611907959,sub2
app,1,99,right,0.5248942375183105,sub2
app,1,44,left,1.6181471347808838,sub2
app,1,33,left,0.566497802734375,sub2
app,1,77,right,0.6758968830108643,sub2
app,1,77,right,0.6372344493865967,sub2
app,1,66,right,0.6788842678070068,sub2
app,1,22,left,0.5982208251953125,sub2
app,1,22,left,0.6177659034729004,sub2
app,1,33,left,0.6300303936004639,sub2
app,1,99,right,0.6402580738067627,sub2
app,1,55,right,0.6109826564788818,sub2
app,1,99,right,0.5558872222900391,sub2
app,1,0,left,0.5715405941009521,sub2
app,1,11,left,0.520068883895874,sub2
app,1,0,left,0.6141273975372314,sub2
app,1,77,right,0.5389580726623535,sub2
app,1,22,left,0.5930464267730713,sub2
app,1,0,left,0.6277968883514404,sub2
app,1,88,right,0.5101516246795654,sub2
app,1,11,left,0.4944589138031006,sub2
app,1,33,left,0.710974931716919,sub2
app,1,99,right,0.557910680770874,sub2
app,1,11,left,0.6665573120117188,sub2
app,1,99,right,0.6269946098327637,sub2
app,1,44,left,4.101584196090698,sub2
app,1,55,right,0.8544549942016602,sub2
app,1,22,left,0.7384364604949951,sub2
app,1,55,right,0.6483597755432129,sub2
app,1,11,left,0.5299229621887207,sub2
app,1,88,right,0.5436418056488037,sub2
app,1,77,right,0.6464018821716309,sub2
app,1,88,right,0.5843260288238525,sub2
app,1,0,left,0.5077273845672607,sub2
app,1,44,left,0.987600564956665,sub2
app,1,22,left,0.5673537254333496,sub2
app,1,44,left,1.0191874504089355,sub2
app,1,99,right,0.5038468837738037,sub2
app,1,0,left,0.7192597389221191,sub2
app,1,66,right,0.6372523307800293,sub2
app,1,44,left,1.8077523708343504,sub2
app,1,99,right,0.5313794612884521,sub2
app,1,11,left,0.6180665493011475,sub2
app,1,88,right,0.6704580783843994,sub2
app,1,66,right,0.6701183319091797,sub2
app,1,88,right,0.5741424560546875,sub2
app,1,77,right,0.5795328617095947,sub2
app,1,66,right,0.648273229598999,sub2
app,1,55,right,0.7387137413024902,sub2
app,1,33,left,0.6079037189483643,sub2
app,1,0,left,0.5073978900909424,sub2
app,1,0,left,0.5870606899261475,sub2
app,1,77,right,1.4480350017547607,sub2
app,1,0,left,0.4826357364654541,sub2
app,1,99,right,0.6194252967834473,sub2
app,1,22,left,0.6120767593383789,sub2
app,1,88,right,0.5455822944641113,sub2
app,1,22,left,0.6472752094268799,sub2
app,1,66,right,0.5137767791748047,sub2
app,1,33,left,0.6008200645446777,sub2
app,1,11,left,0.5877060890197754,sub2
app,1,77,right,0.4554862976074219,sub2
app,1,77,right,0.5989251136779785,sub2
app,1,22,left,0.5062670707702637,sub2
app,1,33,left,0.4990639686584472,sub2
app,1,11,left,0.5790300369262695,sub2
app,1,33,left,0.5921461582183838,sub2
app,1,44,left,0.7631559371948242,sub2
app,1,55,left,0.8491697311401367,sub2
app,1,11,left,0.5532662868499756,sub2
app,1,55,right,0.847301721572876,sub2
app,1,66,right,0.5697875022888184,sub2
app,1,99,right,0.5751254558563232,sub2
app,1,88,right,0.5241312980651855,sub2
app,1,0,left,0.497753381729126,sub2
app,1,33,left,0.5069706439971924,sub2
app,1,55,left,2.8335931301116943,sub2
app,1,22,left,0.5094060897827148,sub2
app,1,66,right,0.5323331356048584,sub2
app,1,55,right,0.3462033271789551,sub2
app,1,33,left,0.5126094818115234,sub2
app,1,88,right,0.5115025043487549,sub2
app,1,44,left,0.9988558292388916,sub2
app,1,33,left,0.4593250751495361,sub2
app,1,77,right,0.5072624683380127,sub2
app,1,66,right,0.4989569187164306,sub2
app,1,99,right,0.5225186347961426,sub2
app,1,44,left,2.360797882080078,sub2
app,1,55,right,0.6550440788269043,sub2
app,1,66,right,1.4662377834320068,sub2
app,1,44,left,0.7867331504821777,sub2
app,1,77,right,0.7268378734588623,sub2
app,1,0,left,0.5415270328521729,sub2
app,1,22,left,0.8198385238647461,sub2
app,1,88,right,0.5176486968994141,sub2
app,1,11,left,1.1871798038482666,sub2
app,1,44,left,0.9121136665344238,sub2
app,1,55,right,1.6320524215698242,sub2
app,11,44,left,1.076970100402832,sub2
app,11,88,right,2.036811590194702,sub2
app,11,0,left,0.8483424186706543,sub2
app,11,77,right,0.8417315483093262,sub2
app,11,99,right,0.7090404033660889,sub2
app,11,11,left,0.4681413173675537,sub2
app,11,22,left,0.5246870517730713,sub2
app,11,88,right,0.5383791923522949,sub2
app,11,44,right,0.7293655872344971,sub2
app,11,22,left,1.1115694046020508,sub2
app,11,55,right,1.2797043323516846,sub2
app,11,44,right,1.0394794940948486,sub2
app,11,66,right,0.8197147846221924,sub2
app,11,77,right,0.6532797813415527,sub2
app,11,0,left,0.559370756149292,sub2
app,11,99,right,0.6208257675170898,sub2
app,11,11,left,1.1999258995056152,sub2
app,11,55,right,0.7548129558563232,sub2
app,11,55,right,0.5922317504882812,sub2
app,11,44,left,2.68567967414856,sub2
app,11,88,right,0.6540780067443848,sub2
app,11,88,right,0.463611364364624,sub2
app,11,0,left,0.448167085647583,sub2
app,11,77,right,0.5048973560333252,sub2
app,11,11,left,0.5220615863800049,sub2
app,11,77,right,0.5118658542633057,sub2
app,11,77,right,0.5426805019378662,sub2
app,11,55,right,0.5888874530792236,sub2
app,11,22,left,0.2805433273315429,sub2
app,11,55,right,0.5860245227813721,sub2
app,11,22,left,0.5163378715515137,sub2
app,11,11,left,0.4916555881500244,sub2
app,11,66,right,0.4440817832946777,sub2
app,11,33,right,0.8449666500091553,sub2
app,11,44,left,1.4319233894348145,sub2
app,11,22,left,0.4650135040283203,sub2
app,11,22,left,0.3304040431976318,sub2
app,11,66,right,0.4734821319580078,sub2
app,11,66,right,0.3228237628936767,sub2
app,11,66,right,0.4571816921234131,sub2
app,11,77,right,0.544257640838623,sub2
app,11,33,left,0.5117151737213135,sub2
app,11,22,left,0.5983726978302002,sub2
app,11,99,right,0.327899694442749,sub2
app,11,66,right,0.5369844436645508,sub2
app,11,66,right,0.4716124534606933,sub2
app,11,44,right,1.0558555126190186,sub2
app,11,99,right,0.5685849189758301,sub2
app,11,22,left,0.9651708602905272,sub2
app,11,0,left,0.2185657024383545,sub2
app,11,0,left,0.1795761585235595,sub2
app,11,99,right,1.3051271438598633,sub2
app,11,22,left,0.6728060245513916,sub2
app,11,55,right,0.4894275665283203,sub2
app,11,33,left,2.256736516952514,sub2
app,11,66,right,0.4357402324676513,sub2
app,11,88,right,0.1499280929565429,sub2
app,11,0,left,0.274151086807251,sub2
app,11,33,left,1.9088876247406008,sub2
app,11,99,right,0.5319473743438721,sub2
app,11,0,left,0.3789291381835937,sub2
app,11,11,left,0.2712049484252929,sub2
app,11,44,left,2.7922840118408203,sub2
app,11,11,left,0.4196500778198242,sub2
app,11,88,right,0.7765190601348877,sub2
app,11,77,right,0.5559968948364258,sub2
app,11,33,right,1.4749186038970947,sub2
app,11,66,right,0.6594326496124268,sub2
app,11,33,left,1.1717772483825684,sub2
app,11,33,left,0.6344175338745117,sub2
app,11,11,left,0.1405172348022461,sub2
app,11,44,left,0.9449992179870604,sub2
app,11,99,right,0.3725922107696533,sub2
app,11,88,right,0.3480856418609619,sub2
app,11,55,right,0.3294644355773926,sub2
app,11,44,right,0.5366668701171875,sub2
app,11,0,left,0.286283016204834,sub2
app,11,11,left,0.1092584133148193,sub2
app,11,0,left,0.1555540561676025,sub2
app,11,44,left,1.4492270946502686,sub2
app,11,55,right,0.2987403869628906,sub2
app,11,88,right,0.2105791568756103,sub2
app,11,55,right,0.1336669921875,sub2
app,11,22,left,0.6190018653869629,sub2
app,11,33,left,0.1817646026611328,sub2
app,11,88,right,0.2424423694610595,sub2
app,11,99,right,0.2353944778442382,sub2
app,11,88,right,0.1982636451721191,sub2
app,11,33,left,0.6657016277313232,sub2
app,11,77,right,0.616919994354248,sub2
app,11,33,right,0.5015151500701904,sub2
app,11,99,right,0.516533613204956,sub2
app,11,77,right,0.4101433753967285,sub2
app,11,55,right,0.493868350982666,sub2
app,11,77,right,0.3585693836212158,sub2
app,11,11,left,0.1862795352935791,sub2
app,11,99,right,0.4051868915557861,sub2
app,11,66,right,0.4026153087615967,sub2
app,11,0,left,0.3728485107421875,sub2
app,11,11,left,0.2181572914123535,sub2
sha,1,22,left,1.099925518035889,sub2
sha,1,66,right,0.803565502166748,sub2
sha,1,66,right,0.4710214138031006,sub2
sha,1,99,right,0.4951620101928711,sub2
sha,1,55,right,0.9351634979248048,sub2
sha,1,44,right,1.5958702564239502,sub2
sha,1,88,right,0.4902937412261963,sub2
sha,1,22,left,0.4407727718353271,sub2
sha,1,66,left,0.5073308944702148,sub2
sha,1,0,left,0.4261994361877441,sub2
sha,1,22,left,0.5722343921661377,sub2
sha,1,0,left,0.5289726257324219,sub2
sha,1,88,right,0.3361408710479736,sub2
sha,1,77,right,0.4065396785736084,sub2
sha,1,88,right,0.3135538101196289,sub2
sha,1,44,right,1.1596252918243408,sub2
sha,1,88,right,0.4375350475311279,sub2
sha,1,33,left,0.4471702575683594,sub2
sha,1,55,right,0.929699182510376,sub2
sha,1,88,right,0.5673418045043945,sub2
sha,1,99,right,0.5005776882171631,sub2
sha,1,44,left,0.3701901435852051,sub2
sha,1,33,left,0.4015488624572754,sub2
sha,1,22,left,0.1889426708221435,sub2
sha,1,99,right,0.2876245975494385,sub2
sha,1,11,left,0.4082720279693603,sub2
sha,1,22,left,0.4677817821502685,sub2
sha,1,55,left,0.4995267391204834,sub2
sha,1,88,right,0.2272682189941406,sub2
sha,1,55,left,0.3984272480010986,sub2
sha,1,33,left,0.3994817733764648,sub2
sha,1,55,left,0.4609591960906982,sub2
sha,1,99,right,0.2698805332183838,sub2
sha,1,66,right,1.0386950969696045,sub2
sha,1,55,right,0.6719353199005127,sub2
sha,1,0,left,0.2890863418579101,sub2
sha,1,77,right,0.721691370010376,sub2
sha,1,55,left,0.4729113578796386,sub2
sha,1,77,right,0.5136172771453857,sub2
sha,1,11,left,0.3691933155059814,sub2
sha,1,77,right,0.5407226085662842,sub2
sha,1,11,left,0.3871541023254394,sub2
sha,1,44,left,0.5674457550048828,sub2
sha,1,77,right,1.1792552471160889,sub2
sha,1,77,right,0.449012279510498,sub2
sha,1,44,left,0.3626461029052734,sub2
sha,1,55,left,0.366931676864624,sub2
sha,1,22,left,0.3327805995941162,sub2
sha,1,11,left,0.5630416870117188,sub2
sha,1,77,right,0.7511985301971436,sub2
sha,1,44,left,0.3812921047210693,sub2
sha,1,88,right,0.2645740509033203,sub2
sha,1,88,right,0.220118761062622,sub2
sha,1,44,right,1.4382436275482178,sub2
sha,1,88,right,0.3752970695495605,sub2
sha,1,99,right,0.5247249603271484,sub2
sha,1,33,left,0.3158137798309326,sub2
sha,1,55,left,0.3458259105682373,sub2
sha,1,55,left,0.4326741695404053,sub2
sha,1,11,left,0.3862433433532715,sub2
sha,1,0,left,0.364635705947876,sub2
sha,1,22,left,0.2261962890625,sub2
sha,1,22,left,0.164180040359497,sub2
sha,1,66,left,1.425199031829834,sub2
sha,1,0,left,0.3085000514984131,sub2
sha,1,22,left,0.0757465362548828,sub2
sha,1,33,left,0.4679608345031738,sub2
sha,1,99,right,0.309126615524292,sub2
sha,1,33,left,0.8359968662261963,sub2
sha,1,44,left,0.2294526100158691,sub2
sha,1,0,left,0.2962543964385986,sub2
sha,1,99,right,0.2396852970123291,sub2
sha,1,66,right,0.6090526580810547,sub2
sha,1,11,left,0.4284169673919678,sub2
sha,1,77,right,0.342512845993042,sub2
sha,1,11,left,0.7570748329162598,sub2
sha,1,0,left,0.4743232727050781,sub2
sha,1,88,right,0.2176253795623779,sub2
sha,1,99,right,0.3570480346679687,sub2
sha,1,11,left,0.3771429061889648,sub2
sha,1,66,left,0.9180123805999756,sub2
sha,1,33,left,0.2531521320343017,sub2
sha,1,0,left,0.2224338054656982,sub2
sha,1,77,right,0.3124387264251709,sub2
sha,1,33,right,3.695550441741944,sub2
sha,1,66,right,1.5058679580688477,sub2
sha,1,44,left,0.5140864849090576,sub2
sha,1,66,left,0.4489974975585937,sub2
sha,1,11,left,0.3068535327911377,sub2
sha,1,0,left,0.1297402381896972,sub2
sha,1,66,left,1.0719401836395264,sub2
sha,1,22,left,1.3361129760742188,sub2
sha,1,44,left,0.56640625,sub2
sha,1,33,left,0.3152995109558105,sub2
sha,1,99,right,0.1306617259979248,sub2
sha,1,77,right,0.1608619689941406,sub2
sha,1,99,right,0.108830451965332,sub2
sha,1,33,right,1.3644132614135742,sub2
sha,1,11,left,0.4503705501556396,sub2
sha,1,0,left,0.002399206161499,sub2
sha,11,44,right,2.181967735290528,sub2
sha,11,0,left,0.4589242935180664,sub2
sha,11,44,right,0.5554542541503906,sub2
sha,11,11,left,0.377345323562622,sub2
sha,11,77,right,0.7250087261199951,sub2
sha,11,55,right,0.4924407005310058,sub2
sha,11,44,right,0.4929754734039306,sub2
sha,11,33,left,2.596640348434448,sub2
sha,11,0,left,0.3609580993652344,sub2
sha,11,11,left,0.0782177448272705,sub2
sha,11,88,right,0.3424572944641113,sub2
sha,11,11,left,0.3469300270080566,sub2
sha,11,66,right,0.2254884243011474,sub2
sha,11,66,right,0.1633224487304687,sub2
sha,11,77,right,0.4801666736602783,sub2
sha,11,44,right,0.1776371002197265,sub2
sha,11,66,right,0.1417958736419677,sub2
sha,11,99,right,0.122692584991455,sub2
sha,11,55,right,0.3440735340118408,sub2
sha,11,44,right,0.8236334323883057,sub2
sha,11,66,right,0.6340405941009521,sub2
sha,11,66,right,0.6033275127410889,sub2
sha,11,11,left,0.366621732711792,sub2
sha,11,33,left,0.226865530014038,sub2
sha,11,77,right,0.3568129539489746,sub2
sha,11,22,left,0.2098739147186279,sub2
sha,11,88,right,0.2276904582977295,sub2
sha,11,55,left,0.2466468811035156,sub2
sha,11,22,left,0.4885833263397217,sub2
sha,11,99,right,0.1517658233642578,sub2
sha,11,0,left,0.5015604496002197,sub2
sha,11,0,left,0.1958358287811279,sub2
sha,11,55,right,0.2806181907653808,sub2
sha,11,77,right,0.1690423488616943,sub2
sha,11,22,left,0.5169715881347656,sub2
sha,11,22,left,1.2277414798736572,sub2
sha,11,11,left,0.3743224143981933,sub2
sha,11,22,left,0.4438169002532959,sub2
sha,11,99,right,0.3314220905303955,sub2
sha,11,77,right,0.1949303150177002,sub2
sha,11,11,right,0.9579260349273682,sub2
sha,11,22,left,0.4678230285644531,sub2
sha,11,66,right,0.2996580600738525,sub2
sha,11,88,right,0.130993366241455,sub2
sha,11,77,right,0.1140234470367431,sub2
sha,11,77,right,0.0963115692138671,sub2
sha,11,66,right,0.0720250606536865,sub2
sha,11,33,left,0.3354561328887939,sub2
sha,11,44,left,0.8532743453979492,sub2
sha,11,55,left,0.8312115669250488,sub2
sha,11,22,left,0.2252993583679199,sub2
sha,11,88,right,0.1640486717224121,sub2
sha,11,22,left,0.2720956802368164,sub2
sha,11,0,left,0.2810935974121094,sub2
sha,11,99,right,0.1772394180297851,sub2
sha,11,88,right,0.0943129062652587,sub2
sha,11,44,right,0.3331296443939209,sub2
sha,11,33,left,0.5792486667633057,sub2
sha,11,88,right,0.2393300533294677,sub2
sha,11,99,right,0.1769847869873047,sub2
sha,11,77,right,9.5017569065094,sub2
sha,11,66,right,0.451798677444458,sub2
sha,11,44,left,0.6859533786773682,sub2
sha,11,55,left,0.3091681003570556,sub2
sha,11,33,left,0.4758460521697998,sub2
sha,11,55,left,0.5799853801727295,sub2
sha,11,55,left,0.5448868274688721,sub2
sha,11,0,left,0.3427636623382568,sub2
sha,11,99,right,0.2044434547424316,sub2
sha,11,55,left,1.2463710308074951,sub2
sha,11,22,left,1.3135998249053955,sub2
sha,11,77,right,0.1772308349609375,sub2
sha,11,66,right,0.0850429534912109,sub2
sha,11,11,left,0.4527978897094726,sub2
sha,11,33,left,0.2054522037506103,sub2
sha,11,88,right,0.4014458656311035,sub2
sha,11,33,left,0.3079173564910888,sub2
sha,11,44,left,0.2921431064605713,sub2
sha,11,99,right,0.0756773948669433,sub2
sha,11,11,left,0.4504916667938232,sub2
sha,11,99,right,0.2521443367004394,sub2
sha,11,88,right,0.174121618270874,sub2
sha,11,33,left,0.8813011646270752,sub2
sha,11,33,left,0.2111415863037109,sub2
sha,11,33,left,0.237955093383789,sub2
sha,11,55,right,2.999425172805786,sub2
sha,11,88,right,0.2031705379486084,sub2
sha,11,0,left,0.2632501125335693,sub2
sha,11,0,left,0.1626739501953125,sub2
sha,11,88,right,0.2705929279327392,sub2
sha,11,0,left,0.4123904705047607,sub2
sha,11,11,left,0.2100238800048828,sub2
sha,11,77,right,0.1406235694885254,sub2
sha,11,22,left,0.4093790054321289,sub2
sha,11,99,right,0.13210129737854,sub2
sha,11,99,right,0.1397864818572998,sub2
sha,11,66,right,0.1759967803955078,sub2
sha,11,0,left,0.2771251201629638,sub2
sha,11,44,left,0.8060333728790283,sub2
sha,11,11,left,0.2242696285247802,sub2
app,1,77,right,0.8974688053131104,sub3
app,1,77,right,0.1537361145019531,sub3
app,1,22,left,0.3428969383239746,sub3
app,1,77,right,0.1094803810119628,sub3
app,1,55,right,0.2686829566955566,sub3
app,1,0,left,0.1643662452697754,sub3
app,1,66,right,0.1134436130523681,sub3
app,1,77,right,0.1697821617126464,sub3
app,1,44,right,0.3504784107208252,sub3
app,1,33,left,0.363269567489624,sub3
app,1,0,left,0.1675114631652832,sub3
app,1,11,left,0.0686268806457519,sub3
app,1,0,left,0.181349515914917,sub3
app,1,11,left,0.2087678909301757,sub3
app,1,11,left,0.0431320667266845,sub3
app,1,77,right,0.2457108497619629,sub3
app,1,44,left,0.759772777557373,sub3
app,1,66,right,0.2288553714752197,sub3
app,1,55,right,0.7664070129394531,sub3
app,1,99,right,0.756749153137207,sub3
app,1,44,left,0.6090798377990723,sub3
app,1,0,left,0.2452375888824463,sub3
app,1,44,left,0.422706127166748,sub3
app,1,33,left,0.0799827575683593,sub3
app,1,22,left,0.1840341091156005,sub3
app,1,55,right,0.164283275604248,sub3
app,1,0,left,0.2730891704559326,sub3
app,1,22,left,0.0715863704681396,sub3
app,1,88,right,0.1628394126892089,sub3
app,1,55,right,0.3918719291687011,sub3
app,1,88,right,0.1785922050476074,sub3
app,1,66,right,0.4319179058074951,sub3
app,1,99,right,0.1208269596099853,sub3
app,1,55,right,0.5430588722229004,sub3
app,1,88,right,0.3251998424530029,sub3
app,1,22,left,0.2916200160980224,sub3
app,1,11,left,0.05928635597229,sub3
app,1,99,right,0.2375276088714599,sub3
app,1,33,left,0.6466464996337891,sub3
app,1,66,right,0.6339986324310303,sub3
app,1,99,right,0.3479478359222412,sub3
app,1,66,right,0.1062617301940918,sub3
app,1,88,right,0.2795515060424804,sub3
app,1,22,left,0.1777303218841552,sub3
app,1,99,right,0.2545018196105957,sub3
app,1,33,left,0.3513936996459961,sub3
app,1,66,right,0.5250232219696045,sub3
app,1,66,right,0.1623961925506591,sub3
app,1,88,right,0.4070229530334472,sub3
app,1,33,left,0.4674489498138428,sub3
app,1,44,left,0.0189547538757324,sub3
app,1,33,left,0.0050079822540283,sub3
app,1,0,left,0.0487089157104492,sub3
app,1,44,left,0.2257003784179687,sub3
app,1,11,left,0.1636736392974853,sub3
app,1,11,left,0.025071382522583,sub3
app,1,22,left,0.1389274597167968,sub3
app,1,22,left,0.0647826194763183,sub3
app,1,11,left,0.0428845882415771,sub3
app,1,0,left,0.0920677185058593,sub3
app,1,77,right,0.0760526657104492,sub3
app,1,99,right,1.9078845977783203,sub3
app,1,33,right,0.9479293823242188,sub3
app,1,44,right,0.9467880725860596,sub3
app,1,0,left,0.0396676063537597,sub3
app,1,77,right,0.2101101875305175,sub3
app,1,77,right,0.0448305606842041,sub3
app,1,66,right,1.5905311107635498,sub3
app,1,88,right,0.1950397491455078,sub3
app,1,88,right,0.0471062660217285,sub3
app,1,99,right,0.0893707275390625,sub3
app,1,99,right,1.2406885623931885,sub3
app,1,77,right,0.1395585536956787,sub3
app,1,44,left,0.2656633853912353,sub3
app,1,55,left,1.5546610355377195,sub3
app,1,11,left,0.2573075294494629,sub3
app,1,0,left,0.0738935470581054,sub3
app,1,22,left,0.2109298706054687,sub3
app,1,99,right,0.1019132137298584,sub3
app,1,55,right,0.4198267459869385,sub3
app,1,11,right,0.0070157051086425,sub3
app,1,66,left,3.826012134552002,sub3
app,1,33,left,0.2786698341369629,sub3
app,1,44,left,0.3113555908203125,sub3
app,1,11,left,0.0853595733642578,sub3
app,1,88,right,0.1654098033905029,sub3
app,1,44,left,0.8739511966705322,sub3
app,1,66,right,0.1720020771026611,sub3
app,1,99,right,0.1847257614135742,sub3
app,1,22,left,0.0291461944580078,sub3
app,1,88,right,0.3828577995300293,sub3
app,1,0,left,0.3057727813720703,sub3
app,1,88,right,0.6810412406921387,sub3
app,1,77,right,0.2983510494232178,sub3
app,1,55,right,0.106128454208374,sub3
app,1,33,left,0.0804517269134521,sub3
app,1,55,left,0.977412223815918,sub3
app,1,55,right,0.8551754951477051,sub3
app,1,22,left,0.127969741821289,sub3
app,1,33,left,0.0785889625549316,sub3
app,11,77,right,1.6669971942901611,sub3
app,11,66,right,0.2443549633026123,sub3
app,11,99,right,0.253887414932251,sub3
app,11,22,left,0.2627532482147217,sub3
app,11,33,left,0.5355868339538574,sub3
app,11,88,right,0.1575443744659423,sub3
app,11,0,left,0.2421662807464599,sub3
app,11,88,right,0.2600240707397461,sub3
app,11,11,left,0.1567022800445556,sub3
app,11,0,left,0.1393928527832031,sub3
app,11,99,right,0.1533706188201904,sub3
app,11,33,left,0.9503204822540284,sub3
app,11,11,left,0.5322778224945068,sub3
app,11,11,left,0.0828316211700439,sub3
app,11,0,left,0.0906195640563964,sub3
app,11,33,left,1.1464223861694336,sub3
app,11,77,right,0.297177791595459,sub3
app,11,22,left,0.401468276977539,sub3
app,11,77,right,0.3478598594665527,sub3
app,11,55,right,0.2014951705932617,sub3
app,11,66,right,0.0132946968078613,sub3
app,11,99,right,0.1674127578735351,sub3
app,11,88,right,0.0362577438354492,sub3
app,11,33,left,0.5669846534729004,sub3
app,11,55,left,0.764167070388794,sub3
app,11,99,right,0.29768967628479,sub3
app,11,0,left,0.3036849498748779,sub3
app,11,0,left,0.0311646461486816,sub3
app,11,11,left,0.0174801349639892,sub3
app,11,55,right,0.1085102558135986,sub3
app,11,77,right,0.1872949600219726,sub3
app,11,55,right,0.0070710182189941,sub3
app,11,44,right,0.2247836589813232,sub3
app,11,11,left,0.0985965728759765,sub3
app,11,22,left,0.0757548809051513,sub3
app,11,0,left,0.083411693572998,sub3
app,11,11,left,0.0110530853271484,sub3
app,11,88,right,1.886859893798828,sub3
app,11,77,right,0.215472936630249,sub3
app,11,88,right,0.0740201473236084,sub3
app,11,77,right,0.1043565273284912,sub3
app,11,33,left,0.1849443912506103,sub3
app,11,88,right,0.2604806423187256,sub3
app,11,33,left,0.5504150390625,sub3
app,11,55,right,1.3467400074005127,sub3
app,11,88,right,0.1009378433227539,sub3
app,11,0,left,0.2739427089691162,sub3
app,11,66,right,0.6273519992828369,sub3
app,11,66,right,0.0542783737182617,sub3
app,11,33,left,0.461911678314209,sub3
app,11,99,right,0.246791124343872,sub3
app,11,44,right,0.5606391429901123,sub3
app,11,11,left,0.2388994693756103,sub3
app,11,22,left,0.136178970336914,sub3
app,11,22,left,0.0458819866180419,sub3
app,11,55,right,0.5842955112457275,sub3
app,11,77,right,0.1960124969482422,sub3
app,11,99,right,0.3523926734924316,sub3
app,11,44,right,1.0206706523895264,sub3
app,11,44,left,0.8671987056732178,sub3
app,11,66,right,0.4632668495178222,sub3
app,11,44,right,0.6577026844024658,sub3
app,11,77,right,0.1956856250762939,sub3
app,11,77,right,0.0630133152008056,sub3
app,11,66,right,0.0644772052764892,sub3
app,11,88,right,1.1922988891601562,sub3
app,11,11,left,0.1814231872558593,sub3
app,11,22,left,0.0742490291595459,sub3
app,11,55,left,0.6831498146057129,sub3
app,11,44,right,1.5943660736083984,sub3
app,11,22,left,0.2877657413482666,sub3
app,11,99,right,0.3257231712341308,sub3
app,11,0,left,0.237295389175415,sub3
app,11,55,left,0.7197630405426025,sub3
app,11,11,left,0.1656179428100586,sub3
app,11,11,left,0.0510215759277343,sub3
app,11,99,right,0.7312159538269043,sub3
app,11,99,right,0.0017414093017578,sub3
app,11,0,left,0.2051727771759033,sub3
app,11,44,right,0.2314629554748535,sub3
app,11,0,left,0.2339668273925781,sub3
app,11,55,left,1.0113654136657717,sub3
app,11,33,right,1.1116456985473633,sub3
app,11,88,right,0.1915295124053955,sub3
app,11,88,right,0.1315112113952636,sub3
app,11,66,right,0.2887639999389648,sub3
app,11,66,right,0.1531579494476318,sub3
app,11,33,right,0.1666579246520996,sub3
app,11,22,left,0.074735403060913,sub3
app,11,44,left,1.7301442623138428,sub3
app,11,44,left,0.601762056350708,sub3
app,11,33,left,0.4453291893005371,sub3
app,11,99,right,0.6791472434997559,sub3
app,11,44,left,0.5592362880706787,sub3
app,11,77,right,0.2535173892974853,sub3
app,11,66,right,0.1815226078033447,sub3
app,11,66,right,0.3312206268310547,sub3
app,11,22,left,0.2251749038696289,sub3
app,11,55,right,1.3878443241119385,sub3
app,11,22,left,0.0888404846191406,sub3
sha,1,44,left,1.2438082695007324,sub3
sha,1,0,left,0.4942274093627929,sub3
sha,1,0,left,0.1185948848724365,sub3
sha,1,11,left,0.0766201019287109,sub3
sha,1,88,right,0.1733746528625488,sub3
sha,1,77,right,0.1216568946838378,sub3
sha,1,0,left,0.1444151401519775,sub3
sha,1,44,left,0.7251229286193848,sub3
sha,1,11,left,0.2284221649169922,sub3
sha,1,66,right,0.3334100246429443,sub3
sha,1,99,right,0.3238258361816406,sub3
sha,1,66,right,0.7710864543914795,sub3
sha,1,88,right,0.2480168342590332,sub3
sha,1,11,left,0.2334425449371338,sub3
sha,1,66,right,2.394629716873169,sub3
sha,1,11,left,0.2642686367034912,sub3
sha,1,0,left,0.00999116897583,sub3
sha,1,33,left,0.0508456230163574,sub3
sha,1,33,left,0.1080470085144043,sub3
sha,1,44,left,0.2437660694122314,sub3
sha,1,55,left,0.214665412902832,sub3
sha,1,66,left,0.6335976123809814,sub3
sha,1,11,left,0.6112070083618164,sub3
sha,1,11,left,0.0622670650482177,sub3
sha,1,88,right,0.3275072574615478,sub3
sha,1,22,left,0.3973288536071777,sub3
sha,1,66,right,0.5941424369812012,sub3
sha,1,22,left,0.3589775562286377,sub3
sha,1,44,left,0.7159943580627441,sub3
sha,1,11,left,1.091233491897583,sub3
sha,1,22,left,0.1623916625976562,sub3
sha,1,33,left,0.0568389892578125,sub3
sha,1,88,right,0.186241865158081,sub3
sha,1,55,right,0.9484262466430664,sub3
sha,1,11,left,0.2190451622009277,sub3
sha,1,0,left,0.2532405853271484,sub3
sha,1,11,left,0.1416807174682617,sub3
sha,1,77,right,0.4843513965606689,sub3
sha,1,33,left,0.6366615295410156,sub3
sha,1,33,left,0.0706207752227783,sub3
sha,1,55,left,0.8530519008636475,sub3
sha,1,22,left,0.1191985607147216,sub3
sha,1,22,left,0.054128885269165,sub3
sha,1,55,left,0.5433242321014404,sub3
sha,1,55,left,0.5963330268859863,sub3
sha,1,66,left,0.6093771457672119,sub3
sha,1,99,right,0.1638481616973877,sub3
sha,1,66,right,0.2751002311706543,sub3
sha,1,33,left,0.3872120380401611,sub3
sha,1,99,right,0.3345122337341308,sub3
sha,1,0,left,0.3563120365142822,sub3
sha,1,99,right,0.0892276763916015,sub3
sha,1,22,left,0.4641821384429931,sub3
sha,1,99,right,0.0911788940429687,sub3
sha,1,77,right,0.2344036102294922,sub3
sha,1,55,right,0.2687971591949463,sub3
sha,1,66,right,0.3633215427398681,sub3
sha,1,22,left,0.3626415729522705,sub3
sha,1,55,left,0.3594074249267578,sub3
sha,1,44,left,0.1814873218536377,sub3
sha,1,77,right,0.3694255352020263,sub3
sha,1,88,right,0.1655254364013672,sub3
sha,1,55,right,0.1230504512786865,sub3
sha,1,22,left,0.1621975898742675,sub3
sha,1,77,right,0.3744435310363769,sub3
sha,1,99,right,0.323131799697876,sub3
sha,1,11,left,0.609511137008667,sub3
sha,1,22,left,0.3248124122619629,sub3
sha,1,0,left,0.1319015026092529,sub3
sha,1,88,right,0.2170584201812744,sub3
sha,1,99,right,0.004364013671875,sub3
sha,1,66,right,0.6209039688110352,sub3
sha,1,0,left,0.1126296520233154,sub3
sha,1,66,left,0.0557713508605957,sub3
sha,1,88,right,0.3612499237060547,sub3
sha,1,77,right,0.2870373725891113,sub3
sha,1,88,right,0.0471444129943847,sub3
sha,1,44,left,0.2723324298858642,sub3
sha,1,33,left,0.2733006477355957,sub3
sha,1,88,right,0.1944086551666259,sub3
sha,1,22,left,0.24558687210083,sub3
sha,1,99,right,0.1349549293518066,sub3
sha,1,44,left,0.2461423873901367,sub3
sha,1,55,left,0.6306111812591553,sub3
sha,1,44,left,0.4980757236480713,sub3
sha,1,44,left,0.2178473472595214,sub3
sha,1,77,right,0.331742525100708,sub3
sha,1,99,right,0.0828168392181396,sub3
sha,1,33,left,0.5221946239471436,sub3
sha,1,77,right,0.3512120246887207,sub3
sha,1,88,right,0.0142977237701416,sub3
sha,1,77,right,0.2254981994628906,sub3
sha,1,99,right,1.8445775508880613,sub3
sha,1,55,left,0.5342776775360107,sub3
sha,1,0,left,0.2052972316741943,sub3
sha,1,77,right,0.2653615474700928,sub3
sha,1,0,left,0.1770555973052978,sub3
sha,1,33,left,0.3249673843383789,sub3
sha,1,33,left,0.0705728530883789,sub3
sha,1,44,left,0.1087105274200439,sub3
sha,11,22,left,0.7766139507293701,sub3
sha,11,99,right,0.2931745052337646,sub3
sha,11,99,right,0.1731996536254882,sub3
sha,11,77,right,0.0648276805877685,sub3
sha,11,66,right,0.4899311065673828,sub3
sha,11,55,right,0.2887406349182129,sub3
sha,11,11,left,0.0740406513214111,sub3
sha,11,22,left,0.0347917079925537,sub3
sha,11,0,left,1.075465202331543,sub3
sha,11,77,left,4.549033164978027,sub3
sha,11,33,left,0.5096440315246582,sub3
sha,11,55,left,0.5873289108276367,sub3
sha,11,66,right,0.5761106014251709,sub3
sha,11,11,left,0.1902978420257568,sub3
sha,11,99,right,0.2420501708984375,sub3
sha,11,44,left,0.5537619590759277,sub3
sha,11,44,left,0.5038142204284668,sub3
sha,11,77,right,0.2717032432556152,sub3
sha,11,99,right,1.1287262439727783,sub3
sha,11,11,left,0.3277163505554199,sub3
sha,11,11,left,0.158189058303833,sub3
sha,11,55,left,0.6663727760314941,sub3
sha,11,0,left,0.3795464038848877,sub3
sha,11,55,left,0.7280426025390625,sub3
sha,11,11,left,0.2055449485778808,sub3
sha,11,88,right,0.1612434387207031,sub3
sha,11,66,right,0.2446942329406738,sub3
sha,11,77,right,0.0326576232910156,sub3
sha,11,33,left,0.8983051776885986,sub3
sha,11,88,right,0.0976462364196777,sub3
sha,11,88,right,0.0979797840118408,sub3
sha,11,99,right,0.0176959037780761,sub3
sha,11,66,right,0.1874012947082519,sub3
sha,11,88,right,0.0225195884704589,sub3
sha,11,33,left,0.8101091384887695,sub3
sha,11,0,left,0.2448062896728515,sub3
sha,11,44,left,0.1103401184082031,sub3
sha,11,77,right,0.2270350456237793,sub3
sha,11,33,left,0.3269784450531006,sub3
sha,11,33,left,0.2460594177246093,sub3
sha,11,0,left,0.1637377738952636,sub3
sha,11,77,right,0.5282702445983887,sub3
sha,11,33,left,0.4719991683959961,sub3
sha,11,99,right,0.2804844379425049,sub3
sha,11,22,left,0.3127648830413818,sub3
sha,11,33,left,0.2885494232177734,sub3
sha,11,11,left,0.0959484577178955,sub3
sha,11,0,left,0.2639863491058349,sub3
sha,11,55,right,0.648939847946167,sub3
sha,11,0,left,0.1779272556304931,sub3
sha,11,66,right,0.4225778579711914,sub3
sha,11,88,right,0.0978999137878418,sub3
sha,11,88,right,0.0171844959259033,sub3
sha,11,33,left,0.2820379734039306,sub3
sha,11,11,left,0.0104453563690185,sub3
sha,11,55,left,1.029296636581421,sub3
sha,11,22,left,0.1191520690917968,sub3
sha,11,77,right,0.23081636428833,sub3
sha,11,33,left,0.1849048137664795,sub3
sha,11,22,left,0.0844564437866211,sub3
sha,11,66,left,0.6210310459136963,sub3
sha,11,77,left,0.1430952548980713,sub3
sha,11,66,right,2.035093069076538,sub3
sha,11,22,left,0.1917464733123779,sub3
sha,11,44,left,0.1711103916168213,sub3
sha,11,55,left,0.0553309917449951,sub3
sha,11,99,right,0.0326080322265625,sub3
sha,11,99,right,0.0021669864654541,sub3
sha,11,55,right,1.4131791591644287,sub3
sha,11,11,left,0.1620159149169922,sub3
sha,11,88,right,0.278773546218872,sub3
sha,11,33,left,0.3668699264526367,sub3
sha,11,44,left,0.2271404266357422,sub3
sha,11,88,right,0.2288720607757568,sub3
sha,11,55,left,0.2724664211273193,sub3
sha,11,66,right,0.3136091232299804,sub3
sha,11,11,left,0.2639615535736084,sub3
sha,11,99,right,0.176811933517456,sub3
sha,11,77,right,0.237861156463623,sub3
sha,11,44,right,0.4790492057800293,sub3
sha,11,77,right,0.174617052078247,sub3
sha,11,22,left,0.4204957485198974,sub3
sha,11,22,left,0.2433445453643798,sub3
sha,11,44,left,0.199537992477417,sub3
sha,11,99,right,0.1316916942596435,sub3
sha,11,11,left,0.2731027603149414,sub3
sha,11,44,left,0.0972919464111328,sub3
sha,11,0,left,0.0896351337432861,sub3
sha,11,0,left,0.0474839210510253,sub3
sha,11,0,left,0.0424115657806396,sub3
sha,11,0,left,0.0193946361541748,sub3
sha,11,22,left,0.0451092720031738,sub3
sha,11,44,left,0.0636394023895263,sub3
sha,11,88,right,0.175760269165039,sub3
sha,11,22,left,0.2926568984985351,sub3
sha,11,44,left,0.1404776573181152,sub3
sha,11,55,left,0.9625859260559082,sub3
sha,11,66,right,0.2386360168457031,sub3
sha,11,88,right,0.0176954269409179,sub3
sha,11,66,right,0.0115878582000732,sub3
app,1,88,right,0.2704088687896728,sub4
app,1,99,right,0.2480719089508056,sub4
app,1,22,left,0.2653594017028808,sub4
app,1,55,right,0.2659239768981933,sub4
app,1,66,right,0.2325875759124755,sub4
app,1,33,left,0.3526630401611328,sub4
app,1,88,right,0.1863675117492675,sub4
app,1,66,right,0.1977255344390869,sub4
app,1,22,left,0.2488093376159668,sub4
app,1,77,right,0.3452696800231933,sub4
app,1,33,left,0.2565348148345947,sub4
app,1,11,left,0.2647018432617187,sub4
app,1,77,right,0.2250454425811767,sub4
app,1,77,right,0.250805139541626,sub4
app,1,55,right,0.4756290912628174,sub4
app,1,99,right,0.2436590194702148,sub4
app,1,77,right,0.2617740631103515,sub4
app,1,55,right,0.3991203308105469,sub4
app,1,77,right,0.2267196178436279,sub4
app,1,33,left,0.2455837726593017,sub4
app,1,11,left,0.2778959274291992,sub4
app,1,22,left,0.2152895927429199,sub4
app,1,66,right,0.1778643131256103,sub4
app,1,66,right,0.1808202266693115,sub4
app,1,22,left,0.2183079719543457,sub4
app,1,11,left,0.1891627311706543,sub4
app,1,0,left,0.4153828620910644,sub4
app,1,44,right,0.2361609935760498,sub4
app,1,33,left,0.2606191635131836,sub4
app,1,22,left,0.2442598342895507,sub4
app,1,33,left,0.2703661918640136,sub4
app,1,44,right,0.2316324710845947,sub4
app,1,0,left,0.2337539196014404,sub4
app,1,88,right,0.1553952693939209,sub4
app,1,22,left,0.2486987113952636,sub4
app,1,99,right,0.4008927345275879,sub4
app,1,77,right,0.2535688877105713,sub4
app,1,66,right,0.2693850994110107,sub4
app,1,77,right,0.1656692028045654,sub4
app,1,77,right,0.1535942554473877,sub4
app,1,44,left,2.0073182582855225,sub4
app,1,44,left,0.9239425659179688,sub4
app,1,99,right,0.2257943153381347,sub4
app,1,11,left,0.2683942317962646,sub4
app,1,66,right,0.1807246208190918,sub4
app,1,88,right,0.2247211933135986,sub4
app,1,0,left,0.1956181526184082,sub4
app,1,55,right,0.5102412700653076,sub4
app,1,99,right,0.2132875919342041,sub4
app,1,22,left,0.1931040287017822,sub4
app,1,44,right,0.5092363357543945,sub4
app,1,11,left,0.2680783271789551,sub4
app,1,11,left,0.2048375606536865,sub4
app,1,33,left,0.2396109104156494,sub4
app,1,0,left,0.1683709621429443,sub4
app,1,11,left,0.2053942680358886,sub4
app,1,66,right,0.2888078689575195,sub4
app,1,0,left,0.2652502059936523,sub4
app,1,66,right,0.1626100540161132,sub4
app,1,0,left,0.4549212455749511,sub4
app,1,0,left,0.2004306316375732,sub4
app,1,55,right,0.5473313331604004,sub4
app,1,66,right,0.4891121387481689,sub4
app,1,44,right,1.449225664138794,sub4
app,1,99,right,0.1227328777313232,sub4
app,1,55,right,0.1528253555297851,sub4
app,1,99,right,0.1903412342071533,sub4
app,1,88,right,0.2183797359466552,sub4
app,1,88,right,0.2119371891021728,sub4
app,1,88,right,0.1434059143066406,sub4
app,1,77,right,0.1808753013610839,sub4
app,1,44,right,0.2564892768859863,sub4
app,1,99,right,0.2265040874481201,sub4
app,1,77,right,0.1962051391601562,sub4
app,1,33,left,0.2224929332733154,sub4
app,1,44,left,0.2576994895935058,sub4
app,1,33,left,0.4812872409820556,sub4
app,1,55,right,0.9394514560699464,sub4
app,1,33,left,0.6657257080078125,sub4
app,1,11,left,0.1942372322082519,sub4
app,1,66,right,0.3743336200714111,sub4
app,1,22,left,0.3467915058135986,sub4
app,1,88,right,0.2397561073303222,sub4
app,1,0,left,0.2090981006622314,sub4
app,1,22,left,0.9884042739868164,sub4
app,1,44,right,0.2729785442352295,sub4
app,1,99,right,0.2491934299468994,sub4
app,1,44,right,0.2510890960693359,sub4
app,1,11,left,0.2436065673828125,sub4
app,1,88,right,0.2150378227233886,sub4
app,1,99,right,0.2484567165374755,sub4
app,1,55,right,0.2354180812835693,sub4
app,1,22,left,0.5647180080413818,sub4
app,1,33,left,0.2503960132598877,sub4
app,1,55,right,0.3710653781890869,sub4
app,1,11,left,0.5504815578460693,sub4
app,1,0,left,0.2292468547821045,sub4
app,1,55,right,0.3583521842956543,sub4
app,1,0,left,0.2436714172363281,sub4
app,1,88,right,0.8296589851379395,sub4
app,11,66,right,0.0741050243377685,sub4
app,11,77,right,1.146409511566162,sub4
app,11,66,right,0.2082786560058593,sub4
app,11,66,right,0.2835829257965088,sub4
app,11,11,left,0.236058235168457,sub4
app,11,11,left,0.2118659019470214,sub4
app,11,77,right,0.2001216411590576,sub4
app,11,55,right,0.3151865005493164,sub4
app,11,22,left,0.2501571178436279,sub4
app,11,55,right,0.2348229885101318,sub4
app,11,44,right,0.6358523368835449,sub4
app,11,11,left,0.2230637073516845,sub4
app,11,44,right,1.2738871574401855,sub4
app,11,66,right,0.1942853927612304,sub4
app,11,99,right,0.2616486549377441,sub4
app,11,22,left,0.2552034854888916,sub4
app,11,55,right,0.3355317115783691,sub4
app,11,44,right,0.2626595497131347,sub4
app,11,66,right,0.4865570068359375,sub4
app,11,88,right,0.2050731182098388,sub4
app,11,0,left,0.1938142776489257,sub4
app,11,88,right,0.2373831272125244,sub4
app,11,33,left,0.4071717262268066,sub4
app,11,55,right,0.4817056655883789,sub4
app,11,44,right,0.2820515632629394,sub4
app,11,55,right,0.2024307250976562,sub4
app,11,11,left,0.1979598999023437,sub4
app,11,22,left,0.257425308227539,sub4
app,11,33,left,0.3623971939086914,sub4
app,11,88,right,0.0868046283721923,sub4
app,11,88,right,0.3421862125396728,sub4
app,11,99,right,0.2354660034179687,sub4
app,11,11,left,0.2545580863952636,sub4
app,11,0,left,0.2945492267608642,sub4
app,11,88,right,0.2309887409210205,sub4
app,11,33,left,0.601137638092041,sub4
app,11,44,left,2.099516630172729,sub4
app,11,33,left,0.3559777736663818,sub4
app,11,11,left,0.2165565490722656,sub4
app,11,44,left,1.1385879516601562,sub4
app,11,33,left,0.3943965435028076,sub4
app,11,66,right,0.2292768955230713,sub4
app,11,0,left,0.2073454856872558,sub4
app,11,44,left,0.6994686126708984,sub4
app,11,99,right,0.1706593036651611,sub4
app,11,99,right,0.1908268928527832,sub4
app,11,33,left,0.4817500114440918,sub4
app,11,0,left,0.2271761894226074,sub4
app,11,66,right,0.2526447772979736,sub4
app,11,22,left,0.5812187194824219,sub4
app,11,88,right,0.2350456714630127,sub4
app,11,66,right,0.2265222072601318,sub4
app,11,0,left,0.2546815872192383,sub4
app,11,44,right,0.7915277481079102,sub4
app,11,22,left,0.2834582328796386,sub4
app,11,55,right,0.2751848697662353,sub4
app,11,99,right,0.307133674621582,sub4
app,11,66,right,0.2666108608245849,sub4
app,11,77,right,0.242347240447998,sub4
app,11,0,left,0.2694988250732422,sub4
app,11,77,right,0.2432653903961181,sub4
app,11,33,left,0.5102567672729492,sub4
app,11,99,right,0.2773354053497314,sub4
app,11,33,left,0.2695174217224121,sub4
app,11,99,right,0.2536282539367676,sub4
app,11,55,right,0.7421693801879883,sub4
app,11,77,right,0.2212929725646972,sub4
app,11,55,right,0.239344835281372,sub4
app,11,99,right,0.272946834564209,sub4
app,11,88,right,0.2732658386230469,sub4
app,11,22,left,0.2581822872161865,sub4
app,11,77,right,0.2591598033905029,sub4
app,11,77,right,0.2511060237884521,sub4
app,11,77,right,0.2047338485717773,sub4
app,11,44,right,2.9922783374786377,sub4
app,11,11,left,0.1178648471832275,sub4
app,11,0,left,0.1320905685424804,sub4
app,11,22,left,0.1790113449096679,sub4
app,11,99,right,0.2630059719085693,sub4
app,11,44,right,1.287834644317627,sub4
app,11,88,right,0.3761045932769775,sub4
app,11,88,right,0.2453739643096923,sub4
app,11,66,right,0.2299888134002685,sub4
app,11,0,left,0.264101505279541,sub4
app,11,22,left,0.2413718700408935,sub4
app,11,55,right,0.3538720607757568,sub4
app,11,22,left,0.3052937984466553,sub4
app,11,99,right,0.2628579139709472,sub4
app,11,0,left,0.2725400924682617,sub4
app,11,22,left,0.2890772819519043,sub4
app,11,11,left,0.2797930240631103,sub4
app,11,77,right,0.264758825302124,sub4
app,11,11,left,0.2897884845733642,sub4
app,11,11,left,0.289163589477539,sub4
app,11,33,left,0.3689563274383545,sub4
app,11,33,left,0.2684221267700195,sub4
app,11,0,left,0.2604467868804931,sub4
app,11,77,right,0.3188352584838867,sub4
app,11,55,right,0.3243932723999023,sub4
app,11,88,right,0.3134734630584717,sub4
sha,1,77,right,0.6548993587493896,sub4
sha,1,77,right,0.2485556602478027,sub4
sha,1,55,right,0.5856947898864746,sub4
sha,1,55,left,0.3567466735839844,sub4
sha,1,33,left,0.347125768661499,sub4
sha,1,44,left,0.2571079730987549,sub4
sha,1,44,left,0.3378887176513672,sub4
sha,1,88,right,0.2395327091217041,sub4
sha,1,88,right,0.2820432186126709,sub4
sha,1,22,left,0.2910420894622803,sub4
sha,1,44,left,1.0586483478546145,sub4
sha,1,0,left,0.2032582759857177,sub4
sha,1,88,right,0.2214686870574951,sub4
sha,1,66,right,0.8792018890380859,sub4
sha,1,88,right,0.2971129417419433,sub4
sha,1,33,left,0.296722412109375,sub4
sha,1,99,right,0.2330191135406494,sub4
sha,1,66,left,0.3227040767669678,sub4
sha,1,22,left,0.2580180168151855,sub4
sha,1,44,left,0.2981986999511719,sub4
sha,1,66,right,0.4097621440887451,sub4
sha,1,77,right,0.3013980388641357,sub4
sha,1,33,left,0.5962345600128174,sub4
sha,1,33,left,0.2797873020172119,sub4
sha,1,22,left,0.2324953079223632,sub4
sha,1,0,left,0.3143548965454101,sub4
sha,1,44,left,0.7549076080322266,sub4
sha,1,11,left,0.1594424247741699,sub4
sha,1,22,left,0.2132124900817871,sub4
sha,1,99,right,0.2715198993682861,sub4
sha,1,44,right,0.3760488033294678,sub4
sha,1,77,right,0.2683250904083252,sub4
sha,1,55,right,0.4211959838867187,sub4
sha,1,66,right,0.4224214553833008,sub4
sha,1,11,left,0.2578985691070556,sub4
sha,1,44,left,0.2266504764556884,sub4
sha,1,11,left,0.2369539737701416,sub4
sha,1,22,left,0.2635812759399414,sub4
sha,1,99,right,0.2232742309570312,sub4
sha,1,88,right,0.2036492824554443,sub4
sha,1,55,right,0.7508518695831299,sub4
sha,1,22,left,0.2922580242156982,sub4
sha,1,99,right,0.2686748504638672,sub4
sha,1,0,left,0.2918696403503418,sub4
sha,1,77,right,0.381082534790039,sub4
sha,1,55,right,0.4970118999481201,sub4
sha,1,99,right,0.4496917724609375,sub4
sha,1,0,left,0.2735753059387207,sub4
sha,1,22,left,0.3062386512756347,sub4
sha,1,33,left,0.4270586967468261,sub4
sha,1,55,right,2.757411003112793,sub4
sha,1,77,right,0.3403170108795166,sub4
sha,1,0,left,0.5547890663146973,sub4
sha,1,33,left,0.4069974422454834,sub4
sha,1,66,right,1.058868408203125,sub4
sha,1,88,right,0.2532451152801513,sub4
sha,1,66,right,0.2382364273071289,sub4
sha,1,11,left,0.2709569931030273,sub4
sha,1,55,left,0.6630551815032959,sub4
sha,1,22,left,0.4562969207763672,sub4
sha,1,22,left,0.2326159477233886,sub4
sha,1,0,left,0.2188384532928466,sub4
sha,1,77,right,0.2848105430603027,sub4
sha,1,77,right,0.2765734195709228,sub4
sha,1,11,left,0.3508834838867187,sub4
sha,1,88,right,0.2991349697113037,sub4
sha,1,11,left,0.2511656284332275,sub4
sha,1,99,right,0.2196114063262939,sub4
sha,1,11,left,0.2382917404174804,sub4
sha,1,66,right,0.4955763816833496,sub4
sha,1,0,left,0.1915862560272216,sub4
sha,1,44,left,0.3473544120788574,sub4
sha,1,22,left,0.2723166942596435,sub4
sha,1,99,right,0.2327613830566406,sub4
sha,1,55,right,0.4891464710235595,sub4
sha,1,33,left,0.4668977260589599,sub4
sha,1,0,left,0.3310754299163818,sub4
sha,1,99,right,0.2172329425811767,sub4
sha,1,66,right,0.3149847984313965,sub4
sha,1,44,right,0.9142570495605468,sub4
sha,1,44,left,2.5615551471710205,sub4
sha,1,88,right,0.4575722217559814,sub4
sha,1,0,left,0.4416706562042236,sub4
sha,1,99,right,0.3229255676269531,sub4
sha,1,88,right,0.1392223834991455,sub4
sha,1,66,right,0.3286092281341553,sub4
sha,1,11,left,0.213634967803955,sub4
sha,1,55,right,0.4968111515045166,sub4
sha,1,33,left,0.2976002693176269,sub4
sha,1,11,left,0.1768372058868408,sub4
sha,1,77,right,0.3563382625579834,sub4
sha,1,99,right,0.1550252437591552,sub4
sha,1,33,left,0.2713487148284912,sub4
sha,1,55,right,1.0163617134094238,sub4
sha,1,11,left,0.1303772926330566,sub4
sha,1,33,left,0.1921529769897461,sub4
sha,1,0,left,0.3159523010253906,sub4
sha,1,66,right,0.2749307155609131,sub4
sha,1,77,right,0.2999649047851562,sub4
sha,1,88,right,0.2347533702850341,sub4
sha,11,77,right,0.1856856346130371,sub4
sha,11,66,right,0.2046566009521484,sub4
sha,11,22,left,0.2470133304595947,sub4
sha,11,99,right,0.257544994354248,sub4
sha,11,22,left,0.2490303516387939,sub4
sha,11,66,right,0.2579290866851806,sub4
sha,11,33,left,0.626835823059082,sub4
sha,11,22,left,0.2865979671478271,sub4
sha,11,11,left,0.2462129592895507,sub4
sha,11,11,left,0.2388596534729004,sub4
sha,11,77,right,0.2164711952209472,sub4
sha,11,0,left,0.258230447769165,sub4
sha,11,11,left,0.2987654209136963,sub4
sha,11,44,left,0.2595255374908447,sub4
sha,11,11,left,0.251380443572998,sub4
sha,11,0,left,0.2439336776733398,sub4
sha,11,88,right,0.2295813560485839,sub4
sha,11,66,right,0.2723951339721679,sub4
sha,11,66,right,0.2549600601196289,sub4
sha,11,77,right,0.4577174186706543,sub4
sha,11,33,right,0.7307369709014893,sub4
sha,11,11,left,0.2393755912780761,sub4
sha,11,22,left,0.2181136608123779,sub4
sha,11,22,left,0.2205214500427246,sub4
sha,11,55,right,1.6144158840179443,sub4
sha,11,44,right,0.3699495792388916,sub4
sha,11,11,left,0.2236340045928955,sub4
sha,11,0,left,0.1930205821990966,sub4
sha,11,0,left,0.2210440635681152,sub4
sha,11,44,left,0.3274033069610595,sub4
sha,11,33,left,0.2466652393341064,sub4
sha,11,55,right,0.2233529090881347,sub4
sha,11,88,right,0.2245755195617675,sub4
sha,11,44,right,0.3701426982879638,sub4
sha,11,77,right,0.2555201053619385,sub4
sha,11,33,left,0.272930383682251,sub4
sha,11,22,left,0.2408180236816406,sub4
sha,11,11,left,0.2093346118927002,sub4
sha,11,66,right,0.1982021331787109,sub4
sha,11,88,right,0.2414295673370361,sub4
sha,11,22,left,0.2743494510650635,sub4
sha,11,55,right,0.274174690246582,sub4
sha,11,66,right,0.2744250297546386,sub4
sha,11,0,left,0.1802127361297607,sub4
sha,11,0,left,0.1904559135437011,sub4
sha,11,88,right,0.2424805164337158,sub4
sha,11,99,right,0.1884198188781738,sub4
sha,11,99,right,0.27217698097229,sub4
sha,11,44,right,0.6170880794525146,sub4
sha,11,66,right,0.291088342666626,sub4
sha,11,99,right,0.274310827255249,sub4
sha,11,33,left,0.6747407913208008,sub4
sha,11,0,left,0.2512855529785156,sub4
sha,11,99,right,0.25982666015625,sub4
sha,11,66,right,0.4129557609558105,sub4
sha,11,77,right,0.2072536945343017,sub4
sha,11,44,right,0.2835245132446289,sub4
sha,11,0,left,0.2111215591430664,sub4
sha,11,55,left,0.3896017074584961,sub4
sha,11,33,left,0.3449201583862304,sub4
sha,11,44,left,0.3043320178985595,sub4
sha,11,0,left,0.2386846542358398,sub4
sha,11,22,left,0.2793393135070801,sub4
sha,11,55,left,1.1521644592285156,sub4
sha,11,44,left,0.3738715648651123,sub4
sha,11,55,right,0.3228123188018799,sub4
sha,11,99,right,0.2818655967712402,sub4
sha,11,88,right,0.2815580368041992,sub4
sha,11,77,right,0.3625063896179199,sub4
sha,11,99,right,0.2151081562042236,sub4
sha,11,33,right,0.3552160263061523,sub4
sha,11,11,left,0.3197972774505615,sub4
sha,11,55,left,0.2532908916473388,sub4
sha,11,66,right,0.2936985492706299,sub4
sha,11,88,right,0.2205038070678711,sub4
sha,11,77,right,0.3104054927825928,sub4
sha,11,77,right,0.2467203140258789,sub4
sha,11,22,left,0.2811031341552734,sub4
sha,11,55,left,0.2254300117492675,sub4
sha,11,99,right,0.2442240715026855,sub4
sha,11,99,right,0.1966850757598877,sub4
sha,11,22,left,0.2640554904937744,sub4
sha,11,99,right,0.2572379112243652,sub4
sha,11,44,left,0.1860020160675048,sub4
sha,11,88,right,0.1904354095458984,sub4
sha,11,55,left,0.3929471969604492,sub4
sha,11,88,right,0.1976959705352783,sub4
sha,11,33,left,0.2079601287841797,sub4
sha,11,88,right,0.1408247947692871,sub4
sha,11,44,left,0.1848974227905273,sub4
sha,11,66,right,0.8357217311859131,sub4
sha,11,77,right,0.2786159515380859,sub4
sha,11,11,left,0.2301607131958007,sub4
sha,11,33,left,0.1369185447692871,sub4
sha,11,33,left,0.173537015914917,sub4
sha,11,55,left,0.2818703651428222,sub4
sha,11,0,left,0.2416679859161377,sub4
sha,11,88,right,0.2521133422851562,sub4
sha,11,11,left,0.2045516967773437,sub4
sha,11,77,right,0.2315542697906494,sub4
